Sid,XKSid,YDSid,XKZZ,YDZZ
667,463:517:633:317:742:83:778:1047:1482:1048:483:1491:203:867:1478:335:633:158:1500:463:1048:335:301:792:486:112:951,185:1444:423:418:251:245:175:222:324:276:574:492:583:610:601:248:436:133:590:256:412:344:276:256:245:399:292:293:331:276:222:344:282:268:164:340:908:1031:434:276:282:271:340:319,伤肾脏|腹痛|一起吃会引起肚子痛|伤身|性味有所抵触|脱发|共烹炒易产生怪味|身体不适|一起吃严重会导致死亡|一起吃容易脱眉毛，可以吃绿豆治疗|伤肾脏|一起吃会引起中毒，可以用地浆水治疗|易发生腹胀，腹泻|面生黑斑|一起吃会引起中毒，可以用绿豆治疗|会导致中毒|会引起腹痛|会引起腹胀|会引起腹痛|伤肾脏|会伤肠胃|一起吃会引起中毒|减少铜的吸收|腹泻|伤肾脏|腹胀|二者起生化反应，不利于健康,可消食、除胀、通便|可开胃消食|可延缓衰老|可促进消化|可祛风通络、清热解毒|可清热解毒、生津止渴|可补中益气、健脾胃|可维持正常血压|可营养均衡|可补充营养、通便|可促进蛋白质吸收|可滋阴润燥、化食消积|可止鼻血|可滋补身体|可补铁利尿|可有助于蛋白质吸收|可增强营养|可壮骨补虚|可防癌抗癌|可解除疲劳|可清热补虚|可滋阴血、健脾胃|补充营养通便|促进血液循环、消除疲劳|预防糖尿病|滋补营养|润肠胃生津健身|提高蛋白质的吸收率|补肝肾|补充营养通便|降低胆固醇的吸收稳定血糖|健胃壮体|增强体质|可滋阴润燥|提高维生素B12的吸收率|有利于人体维生素B12的吸收|可助营养吸收|可滋阴润阳、润肠通便|可化痰软坚、滋阴润燥|可开胃消食|可促进宝宝成长|可均衡营养|可均衡营养|可治疗慢性尿道疾病
680,,428:97:492,,可治皮肤瘙痒|可营养丰富|可均衡营养
682,112:463:517:633,1061:646:1061:347:646,腹胀|伤肾脏|腹痛|腹痛,补气养血|催乳|可补气养血|可补虚益气|可补血
688,343:653:587,219:407:1488:79,引发腹痛|易中毒|会引起中毒,可增强免疫|可开胃消食|可健脾胃|可健脾益胃
671,,,,
690,975:939:350:226:220:219:293:293:238:951:553:492:219:83:939:220:927:317:492:866:867:293,287:301:268:347:247:407:423:630:135:287:276:276:296:395:319:301:262:314:276,身体不适|会影响消化|山药富维生素c，猪肝中含铜、铁、锌等金属微量元素，维生素c遇金属离子，则加速氧化而破坏，降低了营养价值|西红柿富含维生素C，猪肝使维生素C氧化脱氧，使其失去原来的抗坏血酸功能|会降低营养价值|会破坏营养|会降低铜、铁吸收|菜花含有大量纤维素，纤维素中的醛糖酸残基可与猪肝中的铁、铜、锌等微量元素形成螯合物而降低人体对这些元素的吸收|会降低营养|一起吃具有刺激作用，疮痈热病者忌食|身体不适|山楂含维生素C丰富，猪肝含有较多的铜、铁、锌等金属微量元素；维生素C遇到金属离子，则加速氧化，会使维生素C和金属都遭到破坏|有损营养素的吸收|一起吃会影响消化|一起吃会影响消化|有损营养素的吸收|面生黑斑|身体不适|会破坏维生素C|会使皮肤出现色素沉淀|会导致皮肤色素沉淀|会阻碍营养物质吸收,可增强免疫力|可改善贫血|可增强免疫|可保肝护肾|可清热解毒、补肝明目|可补气血|可滋阴清热、养肝明目|可促进营养物质的吸收|可提高人体免疫力|可清热解毒、补肝明目|可保肝护肾|滋补|有助于钙的吸收|补充全面营养|增强人体免疫力|防治贫血|缓解大脑疲劳|补充全面营养|滋补
698,428:112:428:112:112,412:120:301:271:120:232:263,一起吃会便秘|一起吃会消化不良|会引发便秘|会阻滞通气|会引起消化不良,增强体质|补血|可润肠通便、补铁补血|可清肺健胃|可补铁补血|可促进铁吸收|可生血、止血
694,185:1048,423:327:622:435:412,影响消化|腹痛,补肾|可补肾利尿|可补肾润肠|可促进营养吸收|可补肾利尿
805,,,,
670,,,,
681,,,,
697,,74,,有助于睡眠
689,293:633,483:463:486:463:517,身体不适|影响蛋白质的吸收,清热润肺、助消化|清热润肺、助消化|清热润肺、助消化|清热润肺、助消化|润肺
679,,,,
806,,,,
685,951:1491:247:327,238:344:97,影响营养素的吸收|影响营养素的吸收|形成草酸钙阻碍钙的吸收|影响钙的吸收,祛湿|滋阴养肾|增加营养素的吸收
672,1048:1482:301:112:317:83:951:867:633,256:256:293:164,伤胃|中毒|减少铜的吸收|腹胀|耗气伤身|脱发|气滞|面生黑斑|腹痛,促进血液循环、消除疲劳|促进血液循环、消除疲劳|提高蛋白质的吸收率|提高维生素B12的吸收率
691,,,,
680,,,,
693,,,,
691,,,,
738,591:948:310:1048:627:1047:1048:948:1316:560:271:357,222:418:400:245:295:276:492:300:436:612:1499:263:245:268:355:94:219:311:908:355:347:418:293:94:357:311,会导致身体不适|会易中毒|会危害身体|会易消化不良|栗子中的维生素易与牛肉中的微量元素发生反应，削弱栗子的营养价值，而且不易消化|身体不适|不易消化，会引起腹胀|一起吃会引起中毒，可以用人乳和鼓汁治疗|腹胀|不利于营养素的吸收|一起吃容易中毒，可以用人乳和鼓汁解毒|会易上火,可强健身体|可补气益血|可增强免疫力|可补脾健胃、解毒止痛|可补充能量、营养丰富|可健胃消食|可促进吸收|可养肝明目、增强食欲|可健脾养胃|可健脾开胃|可养血补气|可补脾健胃|健胃益气|可补脾健胃|可防治食欲不振|可保护胃黏膜|可预防感冒、防止中暑|可增强免疫力、降血压|可延缓衰老|养血补血|催乳汁|易于消化|帮助吸收维生素B12|保护胃黏膜|驱寒、治腹痛|营养瘦身
738,627:560:1316,357:94:293:418:355:311:245,引起呕吐|不利于营养素的吸收|腹胀,驱寒、治腹痛|保护胃黏膜|帮助吸收维生素B12|易于消化|养血补血|营养瘦身|健胃益气
742,627:271:1048:1316:667,,呕吐|中毒|不宜消化、腹胀|不利于营养的吸收；|性味有所抵触,
750,158,276:276,影响营养素的吸收,增强体质|增强体质
746,,112,,可防颈椎病、美容
807,,,,
751,,,,
755,,,,
748,,824:1509:1499,,可补肾强腰|可补虚健体|可补肾壮阳
763,221:327:601:655:1047:1381:991:627:887:335:158:245,185:120:203:317:1053,易发生黄疸和脚气病|一起吃会引起中毒，可以用地浆水治疗|伤元气|可能会引起腹胀、胸闷等症。|腹泻|羊肉大热，功能益气补虚；醋中含蛋白质、糖、维生素、醋酸及多种有机酸，其性酸温，消肿活血，应与寒性食物配合，与羊肉不宜|影响营养素的吸收|二者都不易消化，同炖共炒都不相宜，甚至可能同吃还会引起呕吐|二者功能相反，不宜一起吃|腹泻|同食会引起中毒|两补同时，令人肠胃气壅,消积滞、化痰热|清热泻火、除烦、止渴|补肾壮阳|去腥|养血润燥
778,955:158:327:667:340:276,301,减少营养素的吸收|一起吃会引起中毒|一起吃会引起中毒|共烹炒易产生怪味|会降低营养价值|会破坏维生素C,可恢复活力
776,158:158:587,350:263,一起吃会引起中毒，可以用鸡屎白治疗|会导致水肿、腹痛、腹泻|会易中毒,可治疗脾胃虚弱|可补脾健胃
781,,,,
783,,,,
868,311:514:1482:97:939:31:1024:256:1454:661:803,627:287:321:238:178:435:630,一起吃会伤元气|一起吃会引起痢疾，可以用鸡屎白治疗|一起吃会中毒|同食会腹痛|性味不反但功能相乘|一起吃会引起身体不适|影响消化吸收|大蒜辛温有毒，主下气消谷、除风杀毒而鸡肉甘酸温补，两者功用相佐，且蒜气熏臭，从调味角度讲，也与鸡不合|两者共食，恐助火热，无益于健康|一起吃严重会导致死亡|腹泻,可补肾、补血、养身、健脾胃|强化肝脏美化肌肤|帮助充分吸收维生素A|消肿清热利尿|增进食欲|促进蛋白质的吸收|增加抵抗力
817,256:31:97:1482:661:514,410,两者功用相佐|引起身体不适|同食会腹痛|中毒|严重会导致死亡|食则拉痢,促进蛋白质的吸收
818,939:661,418,容易引起身体不适|影响维生素的吸收,提供高质量蛋白质
819,,287,,促进胶原蛋白的吸收
820,296,311:1488:32,会不利营养吸收,可利于铁的吸收|可补肝肾、温肾阳|可治疗夜盲症
824,,350:587:662,,治小儿脾虚疳积|补肾|治遗精
823,,,,
822,514,296,腹泻,增加营养素的吸收量
869,256:1500,281:350,中毒|久食令人阳虚，水肿腹泻,清肺补血、利尿消肿|补阴养肺
840,,220,,可清热去火
837,,,,
849,,,,
845,,,,
838,,,,
839,,,,
702,,,,
735,,238,,可治疗小便不爽
725,997:881,,会损坏肝功能|会易诱发癌症,
706,,,,
1201,,,,
705,,,,
803,282:1454:276:908:560:1500:357:311:868,,一起吃容易引起腹泻和呕吐|性味相反不宜一起吃|腹泻呕吐|易产生刺激肠胃道的物质而引起腹泻|引起肠胃功能紊乱，导致腹泻|脾胃虚寒者忌食|寒热一起吃，易致腹泻|一起吃会脱水|腹泻,
808,948:350:948,,影响营养素的吸收|生涩易便秘|会产生不利人体物质,
792,414:407:930:667,,易引发心绞痛|心痛|引发心脑血管疾病|腹泻,
858,908:486:463:610,185,一起吃伤元气|伤肾脏|损伤脾胃|一起吃严重会导致死亡,润肺止咳
1508,,,,
859,,,,
866,,,,
908,803:1463:610:1500:97:858:126:858:125:574,1031:335:74:63:434:1512:314:268:395:580:251:112:945:321:323:578:319:301:271,易产生刺激肠胃道的物质而引起腹泻|鸡蛋本身含有许多与味精成份相同的谷氨酸，所以炒鸡蛋时放味精，不仅不能增加鲜味，反而会破坏和掩盖鸡蛋的天然鲜味|腹泻、生结石|性咸平，孕妇及产后便秘者忌食|一起吃会腹痛|一起吃伤元气|一起吃会影响营养素的吸收|损伤脾胃|鸡蛋中黏液性蛋白易和豆浆中的胰蛋白酶结合，产生一种不能被人体吸收的物质大大降低了人体对营养的吸收|鸡蛋中的蛋白质与菠萝中的果酸结合，易使蛋白质凝固，影响消化,促进骨骼生长|滋阴润燥清心安神|体改蛋白质的吸收|防止胆固醇过高|有利于营养素的吸收|润滑肌肤|滋阴润燥清热解毒|提高人体对维生素c和维生素E的吸收率|滋阴润燥清热解毒|补气养血|润肺补肾美肤|降低胆固醇|增加蛋白质的吸收|帮助充分吸收维生素A|缓解眩晕头痛|补气养血|增强人体免疫力|提高维生素B12的吸收|补肾行气
919,514:1500,423,一起吃会引起中毒，可以用地浆水治疗|二物皆属凉性，不宜一起吃,滋肾补脑
927,418:690,271,面部易长黑斑|面生黑斑,缓解肾虚腰痛阳痿
923,514:1500,,中毒|胃肠不适,
918,1316,,一起吃会引起中毒,
924,,,,
887,984:301:763:324,,引发痼疾|菠菜含丰富的钙质，乳酪所含的化学成份会影响钙的消化吸收|二者功能相反，不宜一起吃|乳酪是油脂性食物，而莴苣性寒，二者同食，容易导致消化不良，或腹痛腹泻。同时，莴苣生食时，因洗涤不净，易受寄生虫污染，如钩虫、蛔虫等，皆不利于健康。,
901,,,,
898,,,,
930,792:226,412:120:195:238:418:120,引发心脑血管疾病|会导致铜元素析放,促进血液循环|补中调胃利水消肿促进骨骼发育|可延缓衰老|可清热平肝|可健胃消食|可增强免疫
939,350:868:245:245:434:1478:690:690:158:587:800:818:800,418:349:646:86:120:158:521:276:238:276:646:1200:418:394:276:1381,同食会引起腹痛、恶心、呕吐等症状。|性味不反但功能相乘|一起吃会中毒|会引起中毒|生毒疮|一起吃会中毒|一起吃会影响消化|会影响消化|缓解脚气病，利尿|会产生有毒物质|会易致癌|容易引起身体不适|二者生化反应极为复杂，可能产生不利于人体的物质,可营养丰富、健脑益智|可清热消肿|可有利营养吸收|可利尿消肿|可有益补钙|可祛湿消肿|可滋补暖胃、强心补血|改善妊娠水肿|可清热除湿|可治水肿、均衡营养|有利于营养的吸收|消水肿|提供全面的营养|营养吸收更全面|改善妊娠水肿|利湿
951,680:1318:238:296:350:868:667:685:672:1318:296:690:1454:350:238,158:120:1499:412:412:646:410:226:355:271:646:120:220:219,影响营养素的吸收|会易中毒|会导致身体脱水|会引起水肿|会不利于营养物质吸收|会不利营养吸收|二者起生化反应，不利于健康|影响营养素的吸收|气滞|一起吃会中毒，用黑豆、甘草可以解毒|引起水肿|一起吃具有刺激作用，疮痈热病者忌食|身体不适|同食会引起腹痛、恶心、呕吐等症状。|同食降低营养价值。,可利水消肿|可缓解更年期症状、消肿利湿|可滋阴润肤|补充核酸抗老化|可润肤抗老、补充核酸抗老化|可营养互补、健脾和胃|可利尿美容|可营养丰富|可辅助治疗脾胃虚弱|可预防慢性病|有利于吸收营养|清心润肺健脾利胃|通乳汁|通乳汁
950,1478:226:1478,344:120:185:120:158,容易引起腹泻|会不利营养吸收|会引起中毒,美容|补充钙质|可利水消肿|可解毒美容、温补脾胃、补充蛋白质|可健脾利湿、补血
943,226:514,271:423:444,会不利营养成分吸收|会导致消化不良,可通利肠胃|可滋补身体、补益肝肾、利水消肿|可治疗腹泻
948,752:808:738,113,可产生不良的生化反应，有害于人体|影响营养素的吸收|一起吃会引起中毒，可以用人乳和鼓汁治疗,可滋阴补肾
945,521:1478,908:908:238:1444:412,令人腰腹作痛|会危害健康,增加蛋白质的吸收|可补虚养身|可降血压、降血脂、清热利尿|可减肥、降血压、补虚、健胃|可保护血管、益胃润肠
940,,,,
954,,311:418:120:256,,可降血压、利水、疏通血管|可促进钙的吸收、降血压|可降血压、降血脂、益胃健脾|可开胃消食、杀菌、降血压
954,,,,
957,,,,
944,870:222,,一起吃会引起中毒，可以用绿豆治疗|同食有损肠胃。,
942,1021:1020:321:243:251,120:120:412:412,功能正好相反，不宜同吃|一起吃会引起中毒，可以用地浆水治疗|会降低营养|会不利营养吸收|会阻碍营养吸收,具有很好的进补和食疗功用。|可增强免疫力|可补气养血、健体强身|可补气养血、健体强身
935,800:301:245,344,身体不适|腹泻|身体不适,滋阴健脾
961,245,134:248:135:138:120:137:129:418:120:870,会易中毒,补钙|补气养血|补钙|补钙|补钙|补钙|补钙|可提高免疫力|可补气养血|可健脑补肾、滋补强身
984,887:1040:887:898,120:195:245:357,引发痼疾|会导致铜、铁流失|会影响钙吸收|会影响钙吸收,增加蛋白质的吸收|可延缓衰老|可预防感冒|可补虚养身、健脾开胃
997,725,418:295:120:195:435:357:229:1466,会损坏肝功能,补脑健脑|防癌抗癌|蛋白质的吸收率|可养肝明目、改善视力|可提高免疫力|可补虚养身、健脾开胃|可增进食欲|可助消化
981,752,120,易出现消化不良,促进蛋白的吸收
1069,,120:412,,可促进智力发育|可提高免疫力
991,763,,影响营养素的吸收,
955,752:778:620:620:752,120:350:222,二者起生化反应，不利于健康|减少营养素的吸收|会导致身体不适|会易中毒|会危害健康,增加蛋白质的吸收|可治虚劳体弱|可降胆固醇
986,,226:410:572:120:56:1454,,滋润肌肤抗衰老|可提高免疫力|可利于营养吸收|可滋阴润燥、健脾开胃|可降胆固醇|可除腥、补充营养
1068,,120,,促进钙的吸收
983,120,195,增加蛋白质的吸收率,防癌抗癌
975,444:690,,身体不适|身体不适,
997,,,,
944,,,,
992,601,120,引起胃肠不适,促进蛋白质的吸收
954,,,,
969,,,,
946,,,,
973,,,,
1202,,,,
1002,245:591:226:559:521:534:245:247:206:226:248:350:534:268:618:601:226,295:615:221:1499:344:317:271:311:251:1165,一起吃会引起痢疾，可以用黑豆、甘草解毒|会不利消化|会导致食物中毒|会产生毒素|会中毒|会刺激肠胃道|会引起腹泻、腹胀|会易中毒|会易中毒|会产生剧毒|腹痛头晕，食物中毒|同食会引起腹痛、恶心、呕吐等症状。|身体不适|形成草酸钙产生结石|产生砒霜会中毒|腹痛、腹泻、恶心|产生砒霜会中毒,可补脾和胃|可消热去燥、增进食欲|可促进食欲|可补益气血|改善肝脏功能|可补脾益气|可补肾壮阳|可促进新陈代谢|润肺补肾美肤|护心解毒
1017,311,394:344:120:243:251,将所含的维生素B1全部破坏。,强壮身体防癌抗病|养血补血|补钙|可保护肝肾|可养心润肺、润肤
1011,,,,
1015,112:271:521:301:112:591,434:276:282:178:245:251:120,一起吃会消化不良|影响营养的吸收|一起吃会中毒|会影响钙吸收|会影响钙的消化吸收|会不利消化,可开胃、易吸收|可增强机体免疫力、清热解毒、滋阴清肺|可营养全面|可健胃补肾、理中益气|可护肝补肾|可凉血止血、滋阴润肺|可利于消化
1007,,,,
1009,,,,
1066,268,1165,形成草酸钙产生结石,护心解毒
1002,268:610,1165,形成草酸钙产生结石|腹泻,护心解毒
1067,248:534:268:601:226:245,344:1165:251,腹痛头晕，食物中毒|身体不适|形成草酸钙产生结石|腹痛、腹泻、恶心|产生砒霜会中毒|痢疾,改善肝脏功能|护心解毒|润肺补肾美肤
1017,534,276:206:434:287:398:276:340:180,降低蛋白质的营养价值,防止牙龈出血解热除燥|提高营养价值|可养心安神、软坚利咽|可清热解毒|可防治牙龈出血|可预防牙龈出血|可提高营养价值|可提高营养价值
1021,418:226:311:245:646:927:94:222:226:463:571:556:646:549:600:463:351:618:463:541:222:548:483:560:486:482:534:97:1318:463:942:610:434:600,866,会引起结石|产生砒霜会中毒|一起吃会引起蛋白质的吸收|一起吃会引起中毒|腹泻|会易中毒|会刺激肠胃、不利消化|会郁积腹中、损伤肠胃|会引起腹痛、腹胀|会引起腹泻、损伤肠胃|会刺激肠胃|会引起腹泻、损伤胃肠|会导致肠胃不适、腹泻|会降低营养价值|会伤肠胃|会引起腹泻、损伤肠胃|会损害健康|产生砒霜会中毒|引起腹泻、损伤肠胃|刺激胃肠，出现腹痛、恶心、呕吐等症状|二者一起吃，伤人肠胃|腹痛|引起腹泻、损伤肠胃|令患软痈|引起腹泻、损伤肠胃|伤肠胃|身体不适|容易在体内凝成柿石|中毒|二者一起吃，伤人肠胃|功能正好相反，不宜同吃|一起吃会生病、中毒|腹痛|易导致腹泻,可补肾益气、降血压
1019,,,,
1020,222:541:560:418:97:1318:942:610:600:226:311:646,,一起吃会中毒，可以用藕节治疗|刺激肠胃|一起吃会使人走路软脚，可以喝大蒜汁治疗|易引起结石症状|结石|一起吃会引起中毒，可以用地浆水治疗|一起吃会引起中毒，可以用地浆水治疗|寒凉腹泻|一起吃会引起中毒，可以用柑橘皮解毒|一起吃会引起腹泻|影响蛋白质的吸收|一起吃易导致腹泻,
1040,559:1048:311:984:175:556:560:112,120:220:120:388,影响维生素C的吸收|腹胀|影响维生素的吸收|会导致铜、铁流失|会导致腹痛|会引起腹泻|会易中毒|会破坏维生素B1,去热寒|可清热解暑、利水消肿|可补气养血、美容养颜|可治鼻出血、牙龈出血
1031,1257:311:610:63:79:1257:1313:348,32:908:427:388:870:335:238:271:301:667:1389,引起痛风|降低锌的吸收|会引起肠胃不适|会影响吸收|会破坏维生素|会易通风|会导致胸闷、气短|会降低营养,可治疗出汗不止|促进骨骼生长|可润肠通便|可止血|可预防骨质疏松|可润肺调中、滋阴润肺|可活血化瘀、软坚散结|可补肾降糖|可改善更年期不适症|可滋阴润阳、润肠通便|去腥
1024,752:868,327,易发生消化不良|影响消化吸收,营养全面，易于吸收
1034,725,241,会含有害物质,可滋阴润燥
1036,,,,
1040,,,,
1026,1257,1272,高尿酸症患者易引发痛风,杀菌
1047,763:238:63:412:168:600:667:738:1313,344,腹泻|身体不适|身体不适|腹胀|腹胀|身体不适|身体不适|身体不适|身体不适,补气
1038,,,,
1029,,,,
1038,,,,
1031,1257,,同食易发痛风,
1042,311,,将所含的维生素B1全部破坏。,
428,534:86:698:1478:610:698:534:86:698:1478,661:251:680:434:301:314:238:251:661:120:412:661:680:276:134:276:314:301:395:120:661:412:434:301:314:238:661:120,会影响钙、铁吸收|会引起淤血|会引发便秘|会产生有毒物|胃肠不适|一起吃会便秘|会影响钙、铁吸收|会引起淤血|会引发便秘|会产生有毒物,可益寿养颜|可预防甲状腺肿大|可治皮肤瘙痒|可治水肿、贫血|可强健筋骨|可助消化、均衡营养|可降血压、降血脂、消肿利湿|可预防甲状腺肿大|可益寿养颜|可均衡营养、降血压|可排毒素、促进营养吸收|可益寿养颜|可治皮肤瘙痒|防治碘不足|预防碘缺乏|防治碘不足|促进铁的吸收|防止结石|促进铁的吸收|预防碘缺乏|血液循环净化血液降低胆固醇|可排毒素、促进营养吸收|可治水肿、贫血|可强健筋骨|可助消化、均衡营养|可降血压、降血脂、消肿利湿|可益寿养颜|可均衡营养、降血压
434,610:610:293,1058:292:1473:235:1017:1318:1015:120:185:428:908:908:667:191:185:394,影响钙的吸收|会不利消化|会影响钙吸收,可强身健体|可保护心脏|可清热利尿、渗湿通淋|可治高血压|可养心安神、软坚利咽|可润肺止咳|可开胃、易吸收|可清热解毒|可清肺热、治咳嗽、清心开胃|可治水肿、贫血|有利于营养素的吸收|可补充维生素B12和钙质|可化痰软坚、滋阴润燥|清肺热治咳嗽|清肺热治咳嗽|能吸收到更高的营养
442,,,,
443,,,,
286,,,,
427,,,,
1058,222:222,423:434:311:271:295:243:245:248,一起吃容易引起霍乱|会引起霍乱,滋补肺阴|可强身健体|可强化心脏|可润肠通便|可提高免疫力、促进消化|可清热利尿、健脾益气|可保护眼睛|可补肝肾
1061,1405:222,412:682:682:243:436:412,加重肾脏负担|会危害健康,使肤质嫩滑|补气养血|可补气养血|可营养丰富|可降胆固醇|可补铁、提高免疫力
1064,610,248,腹泻,通乳汁
1053,492:541:610:610:541,763:869:340:327:1499,不易消化|不易消化|不易消化|会引起腹痛、恶心|会引起腹痛、恶心,养血润燥|可补五气、袪火热、滋养五脏|可防癌抗癌|可滋阴润燥、清热养血|可补肾壮阳
1500,908:935:548:319:869:667:500:311:803:610:923:919:869:331:319,238:238:578:1318:1499,性咸平，孕妇及产后便秘者忌食|会影响胎儿健康|会不利消化|会引起中毒|会导致水肿、腹泻|会引起腹痛|心痛|一起吃会中毒，可以用橄榄汁解毒|脾胃虚寒者忌食|消化不良|胃肠不适|二物皆属凉性，不宜一起吃|久食令人阳虚，水肿腹泻|伤元气|一起吃难以消化,润肤明目减肥|可润肤、明目|可补脾胃、益心肺、滋肝肾|可清热降火|可补肾强精、延年益寿
1048,63:412:63:738:667:738:667:672:600:1040:168:742:164:694:412,276:1473:256,一起吃容易中毒，用地浆水可以解毒|会不利消化|会引起中毒|会易消化不良|会伤肠胃|不易消化，会引起腹胀|一起吃容易脱眉毛，可以吃绿豆治疗|伤胃|一起吃会腹痛，可以用地浆水治疗|腹胀|一起吃会肠绞痛|不宜消化、腹胀|引起结肠癌|腹痛|一起吃会中毒，可以用莲房治疗,可补肝肾、清热毒|可利水通淋、清热祛湿|可清热解毒、利尿
1057,610,412,腹胀,润肠美肤嫩白降压
1056,1313,412,不宜久存,润肠美肤嫩白降压
1501,,,,
276,803:611:243,238:232:957:627:133:627:521:1048:1015:690:887:492:750:939:869:667:667:168:690:428:627:939,腹泻呕吐|身体不适|会降低营养价值,可润肠减肥|可促进肠胃蠕动、帮助消化|可增强造血功能、增强免疫力|可促进大脑发育|可清肺热、止痰咳|可健脑益肾|可清热润燥|可补肝肾、清热毒|可增强机体免疫力、清热解毒、滋阴清肺|可保肝护肾|可预防骨质疏松|可开胃消食|增强体质|可治水肿、均衡营养|可促进血液中胆固醇的代谢|可开胃消食|补充营养通便|增加抵抗力|滋补|防治碘不足|去除雀斑和黑眼圈|改善妊娠水肿
287,243:245:350:245,819:407:418:120:868:868:418:120:690:1017:32,降级维生素C的吸收|降低维生素C的吸收|会影响营养素的吸收|会降低油菜的营养价值,促进胶原蛋白的吸收|预防大肠癌和胃癌|防止便秘|清肺止咳|强化肝脏美化肌肤|可养肝美肤|可预防癌症、润肠通便|可增强机体免疫力|可增强免疫力|可清热解毒|可健脾补虚、清热消炎
311,803:245:243:868:1031:868:1042:1482:112:1020:1021:243:1040:1500:803:1381:1017,226:646:601:492:335:418:650:622:820:954:32:344:226:738:293:347:355:1002:1058:869:738:738:622:97:226:120:618,会引起脱发|会腹胀、腹泻|会降低营养|会易伤元气|降低锌的吸收|一起吃会伤元气|将所含的维生素B1全部破坏。|一起吃会引起呕吐|降低铁的吸收|影响蛋白质的吸收|一起吃会引起蛋白质的吸收|芹菜中的维生素C将会被分解破坏，降低营养价值|影响维生素的吸收|一起吃会中毒，可以用橄榄汁解毒|一起吃会脱水|损伤牙齿|将所含的维生素B1全部破坏。,可降血压|可预防心血管疾病、降血压|可利尿消肿|可降血脂、消食、通便|可润肺益肾、止咳平喘|可延缓衰老|可降血压|可降血压|可利于铁的吸收|可降血压、利水、疏通血管|可祛伏热、利小便|可降脂降压|可健胃消食|营养瘦身|可预防心血管疾病|可降血压|可增食欲、补气虚|可促进新陈代谢|可强化心脏|可滋阴润肺|可增强免疫力、降血压|营养瘦身|润发明目养血|降血压|降血压降血脂健胃消食|清肠排毒|降血压降血脂健胃消食
301,667:112:935:180:1015:881:870:112:120:423:251:271:961:738:672:870:1318:243:120:887:271:935:935:112,238:690:92:109:646:698:778:1368:908:399:195:428:1031:908:646:109:690:428:222,减少铜的吸收|会损害牙齿|会导致腹泻|会影响钙吸收|会影响钙吸收|会易破坏酸奶钙质|会不利消化吸收|会影响钙的消化吸收|会影响钙吸收|会破坏维生素C|会引起腹泻|会引起腹泻|会不利营养吸收|会降低营养价值|减少铜的吸收|一起吃会引起痢疾|引起心痛|菠菜中的维生素C会被黄瓜中的分解酶破坏|菠菜中的草酸与豆府中的钙形成草酸钙，使人体的钙无法吸收|菠菜含丰富的钙质，乳酪所含的化学成份会影响钙的消化吸收|腹泻|一起吃易导致腹泻|腹泻|食物中的维生素C会对铜的析放量产生抑制作用,可利尿消炎|可改善贫血|可润燥养血、调养身体|可养血润燥、滋补肝肾|可美白皮肤|可润肠通便、补铁补血|可恢复活力|可通便|提高维生素B12的吸收|可排毒解毒|可保持心血管的畅通|可强健筋骨|可改善更年期不适症|可预防贫血、营养不良、安神、补钙|有利于维生素的吸收|促进营养素的吸收|防治贫血|防止结石|加快血液循环预防癌症
282,243:803:803:1381,667:667:1015,破坏维生素C|一起吃容易引起腹泻和呕吐|会引起腹泻、呕吐|会营养流失,增强体质|可促进宝宝成长|可营养全面
271,742:301:262:1318:870:1015:738:301,1031:908:220:219:120:870:698:1002:943:1058:951:927:908:667:927,"中毒|腹泻|影响消化|一起吃会阻碍血液循环|牛奶中含钙；钙是构成骨骼和牙齿的主要成份；牛奶与含草酸多的韭菜混合食用,就会影响钙的吸收|影响营养的吸收|一起吃容易中毒，可以用人乳和鼓汁解毒|会引起腹泻",可补肾降糖|可滋养肝肾、行气通便、助阳固精|可解毒、补肾|可排毒瘦身|可治疗便秘、清热散血|可温胃健脾|可清肺健胃|可补肾壮阳|可通利肠胃|可润肠通便|可预防慢性病|可缓解肾虚阳痿|补肾行气|可均衡营养|缓解肾虚腰痛阳痿
314,,908:428:690:120:428:120:133:256,,滋阴润燥清热解毒|促进铁的吸收|补充全面营养|减肥健美|可助消化、均衡营养|可美白护肤、清肝利胆|可滋阴补肾、减肥健美|可清热解毒
321,610:195:1381,908:1318:868:908:32:969,同食容易易伤胃。|会破坏维生素C|会降低营养价值,帮助充分吸收维生素A|预防便秘|帮助充分吸收维生素A|可帮助充分吸收维生素A|可健脾养胃|可暖胃益脾、化气生肌
317,690:243:672:667,763:763:1002:195:112,身体不适|破坏维生素C|耗气伤身|伤身,去腥|可增强免疫|可补脾益气|可开胃消食|可健脾宽中、祛风解毒
340,236:763,335:667:667:1053:238:247:335:120:620:412:620,加重脾胃虚寒|会导致腹泻,抗癌|有利于人体维生素B12的吸收|可均衡营养|可防癌抗癌|可降血脂|可消除疲劳|可去火止咳|可防止尿酸结石|可润肺、防治高血压|可调节肠道|可辅助治疗心脑血管疾病
319,1454:1500:870,908:690:667:908,中毒|一起吃难以消化|会影响钙吸收,增强人体免疫力|增强人体免疫力|可治疗慢性尿道疾病|可滋阴润燥
296,951:1381:611:868,822:690:357:869,引起水肿|破坏胡萝卜素|身体不适|会影响消化吸收,增加营养素的吸收量|有助于钙的吸收|袪咳止痰|可滋阴润肺
324,887:1318:1318,327:500:412:256:500:436:418:164:195:259:667:259,乳酪是油脂性食物，而莴苣性寒，二者同食，容易导致消化不良，或腹痛腹泻。同时，莴苣生食时，因洗涤不净，易受寄生虫污染，如钩虫、蛔虫等，皆不利于健康。|不利肠胃，易致腹泻|会引起腹泻,可治疗肺热痰火|可营养丰富|可降低血压|可控制血糖、降血压|可营养丰富|可降脂、降血糖|可降低血糖、利尿通便|补钙|可强心健脾|可防高血压|可营养均衡|防止高血压
347,1318:120,738:682:311:226:690:226,引发痼疾|会易得结石,催乳汁|可补虚益气|可降血压|可清热解毒、利尿降压|可保肝护肾|可清热利尿
296,,869:331:969,,可滋阴宣肺|可减肥、延缓衰老|可营养互补
293,690:243:689:1512:252:870,618:672:738:226:667:738:311:63,菜花含有大量纤维素，纤维素中的醛糖酸残基可与猪肝中的铁、铜、锌等微量元素形成螯合物而降低人体对这些元素的吸收|花菜中的维生素C会被黄瓜中的分解酶破坏|身体不适|因为香椿中含有丰富的钙质，而菜花中所含的化学成分会影响到钙质的消化和吸收。所以，香椿不适宜和菜花一同食用。|破坏维生素C的吸收|牛奶含丰富的钙质，菜花所含的化学成份影响钙的消化吸收,降血脂降血压|提高蛋白质的吸收率|帮助吸收维生素B12|降血脂降血压|提高蛋白质的吸收率|帮助吸收维生素B12|可预防心血管疾病|可健脾益胃、助消化
295,870,997:414:407:738:868:1058:1002:195:226:414:407:1454:1499,影响钙的吸收,防癌抗癌|防癌抗癌|防癌抗癌|可补充能量、营养丰富|可增强肝脏解毒能力、提高免疫力|可提高免疫力、促进消化|可补脾和胃|可预防消化系统疾病|可抗癌|可提高免疫力|可增强免疫力、防癌抗癌|可防癌|可利于营养吸收
338,866:867,391:935,会引起痔疮发作|会引发痔疮,可清热祛毒、降血压|可通血脉、利筋骨
323,,908:120,,缓解眩晕头痛|清热降压
335,763:667:667:763,340:344:1499:32:1499:1485:155:578:653:622:463:423:908:311:1031:908:439:340:423,腹泻|一起吃会引起中毒|会导致中毒|会导致腹泻,可去火止咳|可润肺止咳|可补肾养血、清热除烦|可安神解烦|可补肾养血、清热除烦|可清心润肺|可解渴润燥、降血压、降血糖|可治疗失眠|可清心镇静|可消炎、止咳平喘|可化痰平喘|可清咽润肺|滋阴润燥清心安神|可润肺益肾、止咳平喘|可润肺调中、滋阴润肺|可滋阴润燥、除烦热、补阴血|润肺止咳|抗癌|滋阴润肺
1444,209:646:180,667:138:945,影响营养素的吸收|会降低营养价值|会降低营养,可开胃消食|可和胃补肾|可减肥、降血压、补虚、健胃
385,,,,
1482,817:344:868:667:311:672:816,235:423:251:423:492:1499:587:1499,中毒|会导致腹泻|一起吃会中毒|一起吃严重会导致死亡|一起吃会引起呕吐|中毒|中毒,缓解目赤红肿等症|润燥除烦|可清热解毒、祛斑祛风|可镇静解热|可消食健胃、瘦身减肥|可滋阴补肾、清肝明目|可养肝明目|可滋阴补肾、清肝明目
212,,,,
388,,1040:1031,,可治鼻出血、牙龈出血|可止血
272,,,,
394,444,412:939:1017:434,营养维生素的吸收,补肾壮骨健脑通络|营养吸收更全面|强壮身体防癌抗病|能吸收到更高的营养
396,,135,,抗疲劳
322,,,,
398,803,1017:229,会导致呕吐、腹泻,可防治牙龈出血|可助消化
300,,283:738:350:226:63,,抗癌|可养肝明目、增强食欲|可消暑|可防癌|可通便利尿
326,870:870:887,385:232,影响钙质的吸收|会影响钙质吸收|会影响钙吸收,可防止老化|可降压止痛
369,,,,
311,,,,
392,,,,
371,,,,
292,243:243,412:195:618:226:667:229,影响维生素C的吸收|会降低营养价值,健胃补脑强身生津|减少癌细胞的产生|预防癌症促进血液循环|预防癌症促进血液循环|润肠胃生津健身|可助消化
262,271,412:690:969,影响消化,降低血脂|缓解大脑疲劳|可润肺健脾、补气活血
390,,,,
221,763,,易发生黄疸和脚气病,
307,,,,
310,120:870,243:418,会破坏营养素|会影响钙吸收,可减肥塑身|可营养更佳
345,,,,
342,,,,
391,243,338:155:256,会破坏维生素C,可清热祛毒、降血压|可消暑解渴、止痢|可清热治痢
395,,908:428:690:120,,滋阴润燥清热解毒|促进铁的吸收|补充全面营养|减肥健美
300,,283,,抗癌
393,,,,
397,,,,
349,,939:1315:969,,可清热消肿|可防治高血压|可开胃消食
388,,,,
94,573:541:610:618:226:1021:226:541,1381:178:243:178:738:738:738:178,一起吃面部会生斑|一起吃会引起中毒，可以用韭菜水解毒|吃了土豆，人的胃里会产生大量盐酸，如果再吃柿子，柿子在胃酸的作用下会产生沉淀，既难消化，又不易排出|导致食欲不佳消化不良|土豆会在人体的胃肠中产生大量的盐酸；西红柿在较强的酸性环境中会产生不溶于水的沉淀，从而导致食欲不佳，消化不良|会刺激肠胃、不利消化|会致消化不良|会引起中毒,"可分解有毒物质|豇豆的营养成分能够让人头脑宁静,并且能够对消化系统进行调理,还能消除胸膈胀满，所以豇豆和土豆搭配,不但可以防治急性肠胃炎，还可以防治呕吐、腹泻等病症。|可利于身体健康|可除烦润燥|可保护胃黏膜|保护胃黏膜|保护胃黏膜|防止急性肠胃炎呕吐腹泻"
97,1020:1165:63:610:573:226:908:868:226:610:573:908:817:1019:816:1021,653:680:870:653:680:92:311:685,结石|会导致胃痉挛、腹胀|会造成腹胀|会造成胃溃疡|会引起身体不适|会易得结石、导致腹泻|会不消化、易腹痛|同食会腹痛|一起吃会得结石病，呕吐、腹痛、腹泻|腹胀|一起吃会引起身体不适|一起吃会腹痛|同食会腹痛|结|同食会腹痛|容易在体内凝成柿石,适合习惯性便秘和慢性肝炎患者|可补充膳食纤维|可强心护肝|可润肠通便|可营养丰富|减肥|降血压|增加营养素的吸收
355,573,738:738:738:951:311,一起吃会使胃不适，感觉胀痛,养血补血|养血补血|可防治食欲不振|可辅助治疗脾胃虚弱|可增食欲、补气虚
195,192:229:521:248:571:613:492:572:444:222:321:226:1381:350:517:185:492,800:125:112:601:418:295:324:220:317:301:997:984:930:292:1318:983,萝卜主泻、胡萝卜为补，所以二者最好不要同食|会影响吸收|会减低营养价值|会破坏营养|会破坏维生素C|会破坏维生素C|会破坏维生素C|会破坏维生素C|会破坏维生素C|会不利消化|会破坏维生素C|维生素C丰富的食品搭配合吃，就会把维生素C破坏|胡萝卜素就会完全被破坏了|胡萝卜中含维生素c分解酶，若山药同食，维生素c则被分解破坏。|身体不适|胡萝卜含有抗坏血酸酶，会破坏白萝卜中的维生素C，使两种萝卜的营养价值都大为降低|胡萝卜富含维生素C分解酶，若含有丰富的维生素C的山楂与含有维生素C分解酶的食物同用，维生素C则易被分解破坏,可益肾壮阳、温补脾胃|可增强免疫力|可利于骨骼发育|可美肌润肤|可保护眼睛|可预防消化系统疾病|可强心健脾|可排毒瘦身|可开胃消食|可保持心血管的畅通|可养肝明目、改善视力|可延缓衰老|可延缓衰老|减少癌细胞的产生|排毒|防癌抗癌
185,574:195:243:610:590:195:694:344:423:412:251:1509:463:500:412,868:667:763:292:950:434:423:120:92:858:129:137:434:120:135:138:134:763,身体不适|会降低营养价值|会破坏维生素C|会降低营养价值|会破坏维生素C|胡萝卜含有抗坏血酸酶，会破坏白萝卜中的维生素C，使两种萝卜的营养价值都大为降低|影响消化|生食寒性较大|易患皮炎|引发皮炎|伤元气|会降低药效|会诱发甲状腺肿大|会破坏维生素C|会引发皮炎,可保护心血管|可消食、除胀、通便|可降血脂|可滋润皮肤|可利水消肿|可清肺热、治咳嗽、清心开胃|可清热解毒|可促进吸收|可消食消肿、止咳化痰|润肺止咳|有利于消化|有利于消化|清肺热治咳嗽|有利于消化|有利于消化|有利于消化|有利于消化|消积滞、化痰热
327,778:763:1316:685:763:120,1024:412:868:1053:324:247:694:292,一起吃会引起中毒|一起吃会引起中毒，可以用地浆水治疗|形成赖氨酸糖基，对人体不利|影响钙的吸收|会导致腹泻|会形成结石,营养全面，易于吸收|清热泻火|可暖胃益气、补精添髓|可滋阴润燥、清热养血|可治疗肺热痰火|可消除疲劳|可补肾利尿|可促进血液循环
399,,667:868:301:63,,滋补营养|可温中补气|可排毒解毒|可通便排毒
350,808:573:243:287:951:690:195:245:1002:252:243:951:939,662:521:776:300:1165:86:63:620:806:620:12:66:824:1:661:534:175:955:869:763:175:653:63:423:869,生涩易便秘|会导致腹痛|会降低营养价值|会影响营养素的吸收|会不利于营养物质吸收|山药富维生素c，猪肝中含铜、铁、锌等金属微量元素，维生素c遇金属离子，则加速氧化而破坏，降低了营养价值|胡萝卜中含维生素c分解酶，若山药同食，维生素c则被分解破坏。|南瓜中皆含维生素c分解酶，若山药同食，维生素c则被分解破坏。|同食会引起腹痛、恶心、呕吐等症状。|胡萝卜中含维生素c分解酶，若山药同食，维生素c则被分解破坏。|黄瓜中含维生素c分解酶，若山药同食，维生素c则被分解破坏。|同食会引起腹痛、恶心、呕吐等症状。|同食会引起腹痛、恶心、呕吐等症状。,可补益脾肾|可补血养颜|可治疗脾胃虚弱|可消暑|可健身益寿|可润肺益脾|可增强人体免疫力|可止血、收敛、养胃|可健脾和胃、补益虚损|可治疗淋浊|可治小儿脾胃虚弱|可丰富营养|治小儿脾虚疳积|可辅助治疗小儿脾胃虚弱|可预防骨质疏松|可补虚养身|可增强人体免疫力|可治虚劳体弱|可滋阴润肺|可健脾胃|补脾益肾|健脾补肾|吸收更多的营养素|滋阴润肺|补阴养肺
344,185,389:1017:950:935:1067:935:1047:685:1002:667,生食寒性较大,排毒|养血补血|美容|滋阴健脾|改善肝脏功能|滋阴健脾|补气|滋阴养肾|改善肝脏功能|健胃壮体
389,,344,,排毒
348,,412:622:418,,补气强身|有利于消化|益胃助食
386,610,,胃出血或胃溃疡,
191,412,120:434,引发皮炎,帮助人体吸收豆腐中的营养|清肺热治咳嗽
330,,412:412,,补血|可补血
331,1500,667:296,伤元气,补肝肾|可减肥、延缓衰老
343,688,,引发腹痛,
341,,,,
194,,,,
200,,,,
188,,,,
387,,,,
199,,,,
275,,,,
350,,,,
178,,94,,防止急性肠胃炎呕吐腹泻
222,1021:1061:1021:1058:944:1020:1058,667:247:301:667:738:955:247:112:803:229:351:948,二者一起吃，伤人肠胃|会危害健康|会郁积腹中、损伤肠胃|会引起霍乱|同食有损肠胃。|一起吃会中毒，可以用藕节治疗|一起吃容易引起霍乱,降低胆固醇的吸收稳定血糖|对缓解心血管疾病有良好功效|加快血液循环预防癌症|可维持正常血压|可强健身体|可降胆固醇|可延缓衰老、益气壮阳、清心明目、保护心血管|可通气、顺畅、润燥消肿|可保护心血管|可抗压美容|可生津止渴、活血化痕，减少皮肤色斑的形成|可营养丰富
226,956:948:245:97:94:1021:1002:943:950:930:1002:94:1019:1248:541:1021:1020:243:97:195:690:418:1067,969:492:120:236:300:1318:940:986:295:347:311:951:908:311:293:292,会不利营养吸收|会不利营养吸收|会降低营养|会易得结石、导致腹泻|会致消化不良|会引起腹痛、腹胀|会产生剧毒|会不利营养成分吸收|会不利营养吸收|会导致铜元素析放|产生砒霜会中毒|土豆会在人体的胃肠中产生大量的盐酸；西红柿在较强的酸性环境中会产生不溶于水的沉淀，从而导致食欲不佳，消化不良|腹泻|一起吃会中毒|影响营养素的吸收|产生砒霜会中毒|一起吃会引起腹泻|西红柿中含大量维生素C，有增强机体抵抗力、防治坏血病、抵抗感染等作用；而黄瓜中含有维生素C分解酶，一起吃可使其中的维生素C遭到破坏|一起吃会得结石病，呕吐、腹痛、腹泻|维生素C丰富的食品搭配合吃，就会把维生素C破坏|西红柿富含维生素C，猪肝使维生素C氧化脱氧，使其失去原来的抗坏血酸功能|破坏类胡萝卜素|产生砒霜会中毒,可促进骨骼发育|可降血压|可补脾健胃|可抗癌|可防癌|可补血养颜|可增加营养|滋润肌肤抗衰老|可抗癌|可清热解毒、利尿降压|可降血压|可营养丰富|可预防心血管疾病、补充维生素|降血压降血脂健胃消食|降血脂降血压|预防癌症促进血液循环
206,,410:1017:1316:410,,消除油脂引起的食欲不佳|提高营养价值|健脾通乳利水|可开胃消食
178,,238:412:63:94:155:868:418:1015:256,,"豇豆和冬瓜一起吃，具有补肾消肿的作用，并且对于肾炎、腰痛和浮肿患者有一定的治疗功效。|豇豆具有解渴健脾、补肾止泻、益气生津的作用；木耳则具有益气养胃润肺、凉血止血和降脂减肥的作用。所以豇豆和木耳一起吃对高血压、高脂血症、糖尿病、心血管病有防治的作用。|玉米粥对于脾胃虚弱、尿频遗精、动脉硬化、冠心病、高血脂、高血压病人有着很好的食疗效果，适合这些患者长期食用，玉米粥配上点豇豆的食物效果更好。|豇豆的营养成分能够让人头脑宁静,并且能够对消化系统进行调理,还能消除胸膈胀满，所以豇豆和土豆搭配,不但可以防治急性肠胃炎，还可以防治呕吐、腹泻等病症。|豇豆和绿豆同煮汤饮服，具有清热解毒的功效，适用于小儿夏季生痱子、小疖肿等病症。|增进食欲|可益气补虚|可健胃补肾、理中益气|可防治高血压"
175,1040,350:418:667:868:350,会导致腹痛,补脾益肾|促进消化|可补中益气、健脾胃|可添精补髓、活血调经|可增强人体免疫力
243,292:558:613:571:532:615:646:398:300:595:521:560:232:391:942:560:226:292:559:276:650:185:282:553:292:350:287:301:317:293:1512:590:517:618:226:311:646:276:311:350,412:310:1381:1318:120:444:94:220:1061:1017:1058:1318,会降低营养价值|会破坏维生素C|会破坏维生素C|会破坏维生素C|会破坏维生素C|会破坏维生素C|会导致腹泻|会降低营养价值|会破坏维生素|会破坏维生素C|会破坏维生素C|柑橘中的维生素C会被黄瓜中的分解酶破坏|会破坏维生素|会破坏维生素C|会不利营养吸收|会破坏维生素|会降低营养|会降低营养价值|会破坏维生素C|会降低营养价值|会导致腹泻|会破坏维生素C|破坏维生素C|身体不适|影响维生素C的吸收|黄瓜中含维生素c分解酶，若山药同食，维生素c则被分解破坏。|降级维生素C的吸收|菠菜中的维生素C会被黄瓜中的分解酶破坏|破坏维生素C|花菜中的维生素C会被黄瓜中的分解酶破坏|黄瓜中含有维生素C分解酶，会破坏到香椿中的维生素C，影响人体对维生素C的吸收，使营养大大降低，故香椿和黄瓜也不宜同食。|影响消化|身体不适|破坏维生素C的吸收|西红柿中含大量维生素C，有增强机体抵抗力、防治坏血病、抵抗感染等作用；而黄瓜中含有维生素C分解酶，一起吃可使其中的维生素C遭到破坏|芹菜中的维生素C将会被分解破坏，降低营养价值|一起吃易导致腹泻|会降低营养价值|会降低营养|会降低营养价值,可均衡营养、减肥瘦身|可减肥塑身|可清热解毒|可润肠通便、清热解毒|可降血脂|可助消化|可利于身体健康|可消火利尿|可营养丰富|可保护肝肾|可清热利尿、健脾益气|润肠通便
238,951:1381:158:951:611:1047,945:435:418:1500:220:521:414:662:340:301:276:428:1031:939:930:868:735:868:685:1500:589:178:409:158,同食降低营养价值。|会降低营养价值|会导致身体脱水|会导致身体脱水|身体不适|身体不适,可降血压、降血脂、清热利尿|可滋阴润燥|可降血压、降血脂|可润肤、明目|可清热解毒|可健脾养胃|利湿|可健脾利尿|可降血脂|可利尿消炎|可润肠减肥|可降血压、降血脂、消肿利湿|可活血化瘀、软坚散结|可清热除湿|可清热平肝|可清热利尿|可治疗小便不爽|消肿清热利尿|祛湿|润肤明目减肥|泻肺火|豇豆和冬瓜一起吃，具有补肾消肿的作用，并且对于肾炎、腰痛和浮肿患者有一定的治疗功效。|利湿|消除全身水肿
247,680:685:611:1002:245:120:229:806,226:222:232:803:690:74:222:327:268:340:919:908:268,形成草酸钙阻碍钙的吸收|形成草酸钙阻碍钙的吸收|身体不适|会易中毒|会破坏维生素C|会易结石、补钙、降血压|会功效降低|会阻碍钙质吸收,可降低血糖|对缓解心血管疾病有良好功效|可美容养颜|可凉血解毒|可清热解毒、补肝明目|可清热解暑|可延缓衰老、益气壮阳、清心明目、保护心血管|可消除疲劳|可提高免疫力|可消除疲劳|可促进钙吸收|可保护骨骼|提高机体的免疫力
245,229:83:248:247:226:282:311:287:1002:961:939:868:763:1002:287:935:1067:1021:939:763,653:155:1165:86:158:158:92:1015:521:350:1058:984:738:667:738:667:155:653:738,会破坏维生素C|会功能相反、不宜同食|会降低营养价值|会破坏维生素C|会降低营养|会降低营养价值|会腹胀、腹泻|会降低油菜的营养价值|会引起腹泻、腹胀|会易中毒|会引起中毒|会妨碍营养吸收|会发生黄疸和脚气|一起吃会引起痢疾，可以用黑豆、甘草解毒|降低维生素C的吸收|身体不适|痢疾|一起吃会引起中毒|一起吃会中毒|两补同时，令人肠胃气壅,可降血压、降脂、通便|可清热解毒、生精止渴|可降低血糖|可治疗脚气|可润肤、止咳、减肥|可润肤、止咳、减肥|可预防贫血|可护肝补肾|可解毒止痛|可提神补气、强肾健脾|可保护眼睛|可预防感冒|可补脾健胃、解毒止痛|可清热解毒、生津止渴|健胃益气|预防糖尿病|保健作用|通便排毒|健胃益气
251,185:301,868:1015:209:1482:428:1017:908:869:908:667:1002:209:1067,伤元气|会引起腹泻,可清热利肠|可凉血止血、滋阴润肺|可清热去火、防治口臭|可清热解毒、祛斑祛风|可预防甲状腺肿大|可养心润肺、润肤|可润肺、补肾|可清热去火|润肺补肾美肤|可祛风通络、清热解毒|润肺补肾美肤|清热祛痰防止便秘口臭|润肺补肾美肤
236,340,120:763:908:268:226,加重脾胃虚寒,减肥美容|可补脾胃、补肝肾、润肤止渴|可补充动物蛋白|可增强免疫|可抗癌
241,,,,
213,,,,
241,,,,
240,,,,
232,,,,
229,247:245,997:222:398:292:293,会功效降低|会破坏维生素C,可增进食欲|可抗压美容|可助消化|可助消化|可防癌抗癌
223,,,,
252,350:293:492,,胡萝卜中含维生素c分解酶，若山药同食，维生素c则被分解破坏。|破坏维生素C的吸收|身体不适,
235,,,,
204,1381,1452:403,破坏营养价值,促进骨骼生长|保护眼睛抗癌抗老化
239,,,,
244,,,,
235,,,,
410,,263:817:248:206:267:951:986:206:120:114:986:263:180,,促进血液循环|促进蛋白质的吸收|降脂降压|消除油脂引起的食欲不佳|促进血液循环|可利尿美容|可提高免疫力|可开胃消食|可促进血液循环|可清热解毒|可提高免疫力|可降血脂|可增强食欲
400,867,738:120,会面生黑斑,可增强免疫力|可降压降脂
418,927:1020:226:867:866:1020,86:287:311:195:324:178:238:667:120:209:954:310:348:293:961:939:930:738:248:738:175:348:738:120:287:997:939:818,面部易长黑斑|易引起结石症状|破坏类胡萝卜素|会面生黑斑|会引起痔疮|会易诱发结石,可营养丰富、化痰理气、健脾除湿|可预防癌症、润肠通便|可延缓衰老|可保护眼睛|可降低血糖、利尿通便|可益气补虚|可降血压、降血脂|可促进消化|可健脾养胃、增加食欲|可益气补虚、健脾和胃|可促进钙的吸收、降血压|可营养更佳|可补气强身|可降血脂|可提高免疫力|可营养丰富、健脑益智|可健胃消食|可补气益血|降压减脂|易于消化|促进消化|益胃助食|易于消化|健脾养胃增加食欲|防止便秘|补脑健脑|提供全面的营养|提供高质量蛋白质
414,792,238:295:120:295:120,易引发心绞痛,利湿|防癌抗癌|增加蛋白质的吸收|可提高免疫力|可利于营养吸收
407,792:870:870,287:295:120:688:868:295:120:690,心痛|消化不良|会引发心绞痛,预防大肠癌和胃癌|防癌抗癌|增加抵抗力|可开胃消食|可增强记忆力、益气补血|可增强免疫力、防癌抗癌|可降血压、降血脂|可补气血
409,1463,238,鲜味反失,利湿
423,185:301,595:1482:444:463:532:653:86:690:185:133:590:463:412:335:919:943:927:919:908:667:1499:1482:1315:350:335:444:694:1058,易患皮炎|会破坏维生素C,可润肺止咳|可镇静解热|可润肺止咳|可润肤美白|可补虚强身|可滋阴润肺、减肥、祛斑|可治脾胃虚弱、肺胃阴虚|可滋阴清热、养肝明目|可清热解毒|可滋补气血、润肺护肝|可生津止渴|可滋阴润燥、止咳|可提高免疫力|可清咽润肺|滋肾补脑|可滋补身体、补益肝肾、利水消肿|可补益脾胃、滋阴润肺、健脑强身|可养阴润肺、治喉痒干咳|可滋阴润燥、治疗失眠|可延缓衰老|美容养颜|润燥除烦|滋补润肺|滋阴润肺|滋阴润肺|润肺止咳|补肾|滋补肺阴
404,,,,
439,,335:436,,润肺止咳|提高营养素的吸收率
440,,,,
435,867,868:868:997:238:694:866:806,会降低营养价值,促进蛋白质的吸收|可增强免疫力|可提高免疫力|可滋阴润燥|可促进营养吸收|可滋阴润燥、缓解高血压|可增强免疫力、壮骨补虚
436,,439:667:738:1061:324,,提高营养素的吸收率|可增强营养|可健脾养胃|可降胆固醇|可降脂、降血糖
437,,,,
422,,,,
405,,,,
412,185:191:1047:1048,330:1056:178:930:327:1057:348:698,引发皮炎|引发皮炎|腹胀|一起吃会中毒，可以用莲房治疗,补血|润肠美肤嫩白降压|豇豆具有解渴健脾、补肾止泻、益气生津的作用；木耳则具有益气养胃润肺、凉血止血和降脂减肥的作用。所以豇豆和木耳一起吃对高血压、高脂血症、糖尿病、心血管病有防治的作用。|促进血液循环|清热泻火|润肠美肤嫩白降压|补气强身|增强体质
425,,,,
441,,,,
438,,,,
403,,204,,保护眼睛抗癌抗老化
402,,,,
401,,,,
417,,,,
338,,,,
259,,324:324,,防止高血压|可防高血压
268,1067:1066:1002:1318:1002:112:1318,738:806:256:690:63:74:630:444:236:247:908:763:256:667:247:908,形成草酸钙产生结石|形成草酸钙产生结石|形成草酸钙产生结石|一起吃会伤眼睛，引起眼睛不适，严重会失明|形成草酸钙产生结石|会降低钙吸收|会伤害眼睛,可补脾健胃|可抗衰老|可防癌抗癌|可增强免疫|可生津止渴、降血糖、降血脂|可生津止渴、降血脂、降血糖|可预防心血管|可保护心脏|可增强免疫|可提高免疫力|可降血压、降血脂|可降胆固醇|防癌抗癌抗菌消炎|可滋阴润燥|提高机体的免疫力|提高人体对维生素c和维生素E的吸收率
259,,,,
267,,410,,促进血液循环
263,256,521:803:32,一起吃会伤胃,可和胃安神|可降血脂|可解表和中
256,868:400:1318,667:314:268:324:954:1381:391:32:340,会引起消化不良|会危害健康|会刺激肠胃,可解除疲劳|可清热解毒|可防癌抗癌|可控制血糖、降血压|可开胃消食、杀菌、降血压|可消毒杀菌|可清热治痢|可治疗肠炎|可增加食欲
220,690,951:868:840:1040:271:195:243:238:1381,有损营养素的吸收,通乳汁|可降低心血管疾病|可清热去火|可清热解暑、利水消肿|可解毒、补肾|可排毒瘦身|可消火利尿|可清热解毒|可消毒杀菌
219,690:690,951:688:738:271:1443,有损营养素的吸收|会破坏营养,通乳汁|可增强免疫|可预防感冒、防止中暑|可排毒瘦身|可增进食欲
112,622:622:268:301:1015:1015:268:301:667:698:311:672:1015:881:301:682,521:746:74:646:222:195:317:908:521:746:74:646:222:195:317:74,会引起腹胀、消化不良|会引起腹胀、消化不良|会降低钙吸收|会影响钙的消化吸收|会影响钙的消化吸收|会影响钙的消化吸收|会降低钙吸收|会影响钙的消化吸收|腹胀|一起吃会消化不良|降低铁的吸收|腹胀|一起吃会消化不良|酸牛奶含丰富的钙质，黄豆所含的化学成份影响钙的消化吸收|食物中的维生素C会对铜的析放量产生抑制作用|腹胀,可补血、降血脂|可防颈椎病、美容|可健脾和胃、益气宽中|可丰胸美容|可通气、顺畅、润燥消肿|可利于骨骼发育|可健脾宽中、祛风解毒|降低胆固醇|可补血、降血脂|可防颈椎病、美容|可健脾和胃、益气宽中|可丰胸美容|可通气、顺畅、润燥消肿|可利于骨骼发育|可健脾宽中、祛风解毒|有利于营养素的吸收
209,1444,251:251:418:646,影响营养素的吸收,清热祛痰防止便秘口臭|可清热去火、防治口臭|可益气补虚、健脾和胃|可健脑益智
114,,410,,可清热解毒
155,800:91:226:63:800,1165:178:245:245:335:601:48:391:412,一起吃会胀破肚皮|会食物相克|会损伤元气|会易腹泻|会易中毒,控制血糖含量|豇豆和绿豆同煮汤饮服，具有清热解毒的功效，适用于小儿夏季生痱子、小疖肿等病症。|保健作用|可清热解毒、生精止渴|可解渴润燥、降血压、降血糖|可清热解暑|可健脾胃、去暑热|可消暑解渴、止痢|可降压消暑
113,,1316:870:948:610:74:870:521:1316:661:559,,滋补肝肾活血行经美容乌发|帮助人体更好地吸收牛奶中的维生素B12|可滋阴补肾|可辅助治疗尿血、清热解毒|可补气安神|可利于吸收维生素B12|可补肾补血|可美容乌发|可补肝益肾|可营养丰富
168,1047:1048,276:1499,腹胀|一起吃会肠绞痛,增加抵抗力|清肝去火
164,1048,324:120:672:667,引起结肠癌,补钙|适宜慢性肝炎|提高维生素B12的吸收率|提高维生素B12的吸收率
184,,,,
158,750:939:763:778,31:238:868:950:245:867,影响营养素的吸收|缓解脚气病，利尿|同食会引起中毒|会危害健康,改善脾虚腹泻和水肿|消除全身水肿|可补肾滋阴、活血利尿|可健脾利湿、补血|可润肤、止咳、减肥|可止泻
162,,,,
180,,,,
177,,,,
180,,,,
120,301:347:301:263:1318:983:327:247:310:263,287:410:271:314:340:434:185:226:428:243:1040:986:950:942:948:956:412:276:986:935:908:1232:357:954:698:1015:558:407:414:418:400:185:1068:981:1017:955:164:395:191:997:763:992:418:407:323:287:314:942:961:951:939:930:428:236:698:311:1069:1040:930:950:961:951:984:414,会影响钙吸收|易形成结石|菠菜中的草酸与豆府中的钙形成草酸钙，使人体的钙无法吸收|形成草酸钙，造成了对钙的吸收困难，导致人体内钙质的缺乏|易导致腹泻|增加蛋白质的吸收率|会形成结石|会易结石、补钙、降血压|会破坏营养素|会影响钙吸收,可增强机体免疫力|可促进血液循环|可治疗便秘、清热散血|可美白护肤、清肝利胆|可防止尿酸结石|可清热解毒|可促进吸收|可补脾健胃|可均衡营养、降血压|可降血脂|可补气养血、美容养颜|可滋阴润燥、健脾开胃|可解毒美容、温补脾胃、补充蛋白质|可增强免疫力|可提高营养吸收率|可补钙|可健脾养胃|可清热利尿|可滋阴润燥、健脾开胃|可加倍吸收钙|可利于钙的吸收|可消脂减肥|可润肺止咳|可降血压、降血脂、益胃健脾|可补铁补血|可利于消化|可减肥淡斑|可降血压、降血脂|可利于营养吸收|可健脾养胃、增加食欲|可降压降脂|有利于消化|促进钙的吸收|促进蛋白的吸收|补钙|增加蛋白质的吸收|适宜慢性肝炎|减肥健美|帮助人体吸收豆腐中的营养|蛋白质的吸收率|清热泻火、除烦、止渴|促进蛋白质的吸收|健脾养胃增加食欲|增加抵抗力|清热降压|清肺止咳|减肥健美|具有很好的进补和食疗功用。|可补气养血|可缓解更年期症状、消肿利湿|可有益补钙|可增强免疫|预防碘缺乏|减肥美容|补血|清肠排毒|可促进智力发育|去热寒|补中调胃利水消肿促进骨骼发育|补充钙质|补钙|清心润肺健脾利胃|增加蛋白质的吸收|增加蛋白质的吸收
138,263:1318,961:185:1444,影响钙质的吸收|有损听力，腹泻,补钙|有利于消化|可和胃补肾
135,263:1318,961:185:396:690,影响钙质的吸收|有损听力，腹泻,补钙|有利于消化|抗疲劳|可提高人体免疫力
137,1318,961:185,有损听力，腹泻,补钙|有利于消化
129,263:1318,961:185,影响钙质的吸收|有损听力，腹泻,补钙|有利于消化
133,263,,影响钙质的吸收,
444,394:185:858:185:195:975,956:935:1499:226:500:1232:71:881:573:423:243:268:943:1232:573:423,营养维生素的吸收|会导致甲状腺肿大|会导致腹泻|会导致甲状腺肿|会破坏维生素C|身体不适,可治疗腹泻|可治疗腹泻|可治疗小儿下痢|可调理肠胃|可润肠通便|可防癌、抗老化|可温中下气|可开胃消食、润肠排毒|可防止铅中毒|可润肺止咳|可助消化|可保护心脏|可治疗腹泻|防癌，抗老化|防止铅中毒|润肺止咳
573,355:97:97:355:601:881,1315:446:306:870:1165:661:514:444:94:870:1165:444,一起吃会使胃不适，感觉胀痛|一起吃会引起身体不适|会引起身体不适|会引起腹胀|会引起腹泻|会产生致癌物质,可润肠通便|防止铅中毒|可清热生津、润肺滑肠|可提高对维生素B12的吸收|可提高血清素含量、改善睡眠|可补益心神、养心安神|可美容养颜|可防止铅中毒|可防癌抗癌|提高维生素B12的吸收|提高血清素含量，改善睡眠|防止铅中毒
572,492:195:492:870:560,868:986:1318:348,影响消化|会破坏维生素C|会影响蛋白质吸收|会影响蛋白质吸收|会导致消化道溃疡,可促进食欲|可利于营养吸收|可清热解毒|可生津止渴
574,908:185:870:185,667:868:588,鸡蛋中的蛋白质与菠萝中的果酸结合，易使蛋白质凝固，影响消化|身体不适|身体不适|会破坏维生素C,可促进蛋白质吸收|可补虚填精、温中益气|可清热解暑、消食
558,97:243:532:680:97,870:492:63:120:870:881:643:1316:1315:559,会导致胃肠不适|会破坏维生素C|会易上火|会胃肠不适|会肠胃不适,有助于维生素B12的吸收|可补虚养血|可祛斑美肤|可减肥淡斑|可促进维生素吸收、养心安神|可助消化、解渴安神|可预防贫血|可利咽润肺|可解渴除烦|可美白肌肤
492,690:690:615:572:195:1053:572:252:195,276:1318:803:86:558:1482:226:311:276:738:680:667:1499,山楂含维生素C丰富，猪肝含有较多的铜、铁、锌等金属微量元素；维生素C遇到金属离子，则加速氧化，会使维生素C和金属都遭到破坏|会破坏维生素C|会引起消化不良、腹痛、腹胀|会影响蛋白质吸收|会破坏维生素C|不易消化|影响消化|身体不适|胡萝卜富含维生素C分解酶，若含有丰富的维生素C的山楂与含有维生素C分解酶的食物同用，维生素C则易被分解破坏,可促进消化|可治疗小儿伤食、疳积|可补益气血、养胃消食|可减肥降脂|可补虚养血|可消食健胃、瘦身减肥|可降血压|可降血脂、消食、通便|可开胃消食|可促进吸收|可均衡营养|可滋阴润燥、化食消积|补肝益肾
463,682:1021:858:667:763:1021:610:595,622:357:661:1318:1315:1315:556:335:423:1318:689,伤肾脏|二者一起吃，伤人肠胃|损伤脾胃|伤肾脏|会导致消化不良|会引起腹泻、损伤肠胃|会损伤胃、导致腹泻|会引起腹胀,可清热解毒|可止咳去痰|可均衡营养|可缓解咳嗽|可清热化痰|补充津液|可润肺止咳|可化痰平喘|可润肤美白|缓解咳嗽|清热润肺、助消化
517,682:243:195:667,689,腹痛|身体不适|身体不适|腹痛,润肺
514,816:817:919:822:923:1318:868:868,573:1232,食则拉痢|食则拉痢|一起吃会引起中毒，可以用地浆水治疗|腹泻|中毒|有损五脏|一起吃会引起痢疾，可以用鸡屎白治疗|会引起腹泻,可美容养颜|可清热利尿、姜汤降压
613,870:243:870,517:86:881:1318:559:357,影响消化吸收，出现腹胀、腹痛、腹泻|会破坏维生素C|会引起腹胀、腹痛、腹泻,可均衡营养|可抑制癌细胞|可促进肠道健康|可清热生津、润燥止渴|可预防关节磨损|可清热和胃
571,195:243,868,会破坏维生素C|会破坏维生素C,可补肺、下气、消痰止咳
583,256:263,667:868,身体不适|会易致黄疸,可止鼻血|可强脾胃、生津液
610,434:463:185:97:434:1053:1031:1058:1057:1500:1019:541:908:386:1064:1021:1020:428:1053:321:858:1002:97:94:858,667:113,影响钙的吸收|会损伤胃、导致腹泻|会降低营养价值|会造成胃溃疡|会不利消化|会引起腹痛、恶心|会引起肠胃不适|会阻碍营养消化吸收|腹胀|消化不良|寒凉腹泻|身体不适|腹泻、生结石|胃出血或胃溃疡|腹泻|一起吃会生病、中毒|寒凉腹泻|胃肠不适|不易消化|同食容易易伤胃。|一起吃严重会导致死亡|腹泻|腹胀|吃了土豆，人的胃里会产生大量盐酸，如果再吃柿子，柿子在胃酸的作用下会产生沉淀，既难消化，又不易排出|严重会导致死亡,可滋补身体|可辅助治疗尿血、清热解毒
582,,,,
541,1019:1021:1020:1053:94:610:618:226:1053:94,1315:357,刺激肠胃|刺激胃肠，出现腹痛、恶心、呕吐等症状|刺激肠胃|不易消化|一起吃会引起中毒，可以用韭菜水解毒|身体不适|影响营养素的吸收|影响营养素的吸收|会引起腹痛、恶心|会引起中毒,可生津止渴、镇静安神|可增加食欲
534,185:1002:1017:1002:1067:1021,350:31:1318:1499:559:86:1499,会导致甲状腺肿|会刺激肠胃道|降低蛋白质的营养价值|身体不适|身体不适|身体不适,可补虚养身|可消除疲劳|可治感冒|可补血养肝|可预防贫血、排毒养颜|可健脾利湿|可补血
532,243:558:752,423:1318,会破坏维生素C|会易上火|会破坏维生素C,可补虚强身|可补中益气
601,1067:992:763:1002:611:763:573:1007,667:311:195:155:1232:1469:935,腹痛、腹泻、恶心|引起胃肠不适|伤元气|腹痛、腹泻、恶心|身体不适|会导致腹胀、腹泻、腹痛|会引起腹泻|会导致呕吐、头晕、恶心,可补铁利尿|可利尿消肿|可美肌润肤|可清热解暑|可生津止渴、清新口气|可生津止渴|可补虚损、祛风湿
248,1067:1002:245,961:1064:410:418:870:653:667:1058:653:870:521:800:66,腹痛头晕，食物中毒|腹痛头晕，食物中毒|会降低营养价值,补气养血|通乳汁|降脂降压|降压减脂|美容养颜|对缓解高血压冠心病有一定的疗效|可有助于蛋白质吸收|可补肝肾|可促进消化|可消除疲劳、润肤养颜、降血糖、降血压|可均衡营养|可治风湿、关节炎|可预防冠心病和糖尿病
615,243:492:1036,1002:870:1499,会破坏维生素C|会引起消化不良、腹痛、腹胀|会产生有毒物质,可消热去燥、增进食欲|可清热解毒、润肠通便|可补血养颜
589,,238,,泻肺火
556,1021,463:627,会引起腹泻、损伤胃肠,可润肺止咳|可强腰健骨、消除疲劳
578,,908:908:335:630:653:74:1500:1499:1232:560:867,,补气养血|可治血虚引起的头痛|可治疗失眠|可养胃滋补|可养心安神|可补血养心|可补脾胃、益心肺、滋肝肾|可补脾益肾、益气养心|可补血清热、预防贫血|可治疗痢疾|可补肝益肾、养心和胃
549,919,661:31:1499:661:1499,会对肠胃不利,可补肝肾、降血脂|可滋肝养肾|可乌发明目、护肤|可降血脂|可乌发明目、护肤
500,1500,870,心痛,滋养皮肤
616,,,,
600,1021:1020:1047:1048:27,31:1313,易导致腹泻|一起吃会引起中毒，可以用柑橘皮解毒|身体不适|一起吃会腹痛，可以用地浆水治疗|会引起腹痛,可消暑止渴、除烦利水|可清热排脓
563,,,,
587,688:869:776,1318:348,会引起中毒|会易中毒|会易中毒,可生津润燥、补中和胃|可营养丰富
614,,881,,壮骨，增加免疫力
489,,,,
560,,,,
588,,574:86:1318:1313,,可清热解暑、消食|可开胃消食、健脾益胃|可清热解毒、生津利水|可消暑利水
608,,,,
595,463,423,会引起腹胀,可润肺止咳
606,,611,,消火
612,,738,,可健脾开胃
531,,,,
607,,,,
560,,,,
618,541:1021:243:94:1002,292:293:311,影响营养素的吸收|产生砒霜会中毒|破坏维生素C的吸收|导致食欲不佳消化不良|产生砒霜会中毒,预防癌症促进血液循环|降血脂降血压|降血压降血脂健胃消食
559,1040:870,,影响维生素C的吸收|影响消化,
486,1021:858:667,1315:689:1318,引起腹泻、损伤肠胃|伤肾脏|伤肾脏,补充津液|清热润肺、助消化|缓解咳嗽
611,125:1257:276:238:247:296:601,606,身体不适|身体不适|身体不适|身体不适|身体不适|身体不适|身体不适,消火
587,,824:1482:1232:1499,,补肾|可养肝明目|可治疗遗精、小便频数|可治疗肝肾亏损、精血不足
590,1:243:185,667:423:1318,导致腹痛|影响消化|会破坏维生素C,可防癌抗癌|可生津止渴|可治伤风感冒
617,1021,500,身体不适,可预防贫血
577,,1232,,可降血脂
619,,,,
587,,,,
609,,,,
523,,,,
482,1021,,伤肠胃,
532,,,,
554,,,,
559,,,,
585,,,,
613,,,,
646,1021:1020:243:1021:243:1444,32:655:521:125:209:112:653:301:311:951:939:682:951:939:682:301,腹泻|一起吃易导致腹泻|一起吃易导致腹泻|会导致肠胃不适、腹泻|会导致腹泻|会降低营养价值,可健脾开胃|可改善小儿营养不良|可健脾、止血、补血|可润肤补虚、降糖降脂|可健脑益智|可丰胸美容|可助骨骼成长|可美白皮肤|可预防心血管疾病、降血压|可营养互补、健脾和胃|可有利营养吸收|可补血|有利于吸收营养|有利于营养的吸收|催乳|有利于维生素的吸收
642,1017,653:662:1496,会导致高钾血症,可养心安神、降血压、降血糖|可养心安神、降血压、降血糖|可补润五脏、安神
630,,63:868:868:268:578:63:690:71:803:1318,,防癌抗癌|增加抵抗力|可促进新陈代谢|可预防心血管|可养胃滋补|可调理脾胃|可促进营养物质的吸收|可防癌抗癌|可促进大脑发育|可治肺燥咳嗽、大便干结
622,112,935:348:661:521:694:125:633:661:463:335:311:348:311:661,会引起腹胀、消化不良,可降血糖|可止咳|可补肝益肾、促进大脑发育|可美容养颜|可补肾润肠|可增强免疫力|可促进大脑发育|可补脑益脑、润肠通便|可清热解毒|可消炎、止咳平喘|可降血压|有利于消化|润发明目养血|改善皮肤弹性，保持皮肤细腻
661,816:817:818:868,622:428:428:350:573:463:622:633:549:1499,严重会导致死亡|严重会导致死亡|影响维生素的吸收|一起吃严重会导致死亡,改善皮肤弹性，保持皮肤细腻|血液循环净化血液降低胆固醇|可益寿养颜|可预防骨质疏松|可补益心神、养心安神|可均衡营养|可补脑益脑、润肠通便|可补脑益脑、改善睡眠|可补肝肾、降血脂|可补肝肾、降血脂
633,627:627:627:689:86:74:667:667:672:74:689:352:682,622:661:870,一起吃会胃痛|会引起胃痛|会引起腹胀|会不利蛋白质吸收|会引起呕吐、腹泻|会引起呕吐、腹泻|会引起腹痛|一起吃会引起肚子痛|腹痛|腹泻、呕吐|影响蛋白质的吸收|身体不适|腹痛,可促进大脑发育|可补脑益脑、改善睡眠|可提高免疫力、营养互补
653,,646:620:620:1499:521:643:125:48:578:642:248:248:335:423:245:97:688:245:97:350,,可助骨骼成长|可收涩止带|可收涩止带|可清火明目|可促进血液循环、增进食欲|可调理身体|可滋阴益气、清热安神、降糖降压|可补肝益肾、丰肌润发|可养心安神|可养心安神、降血压、降血糖|对缓解高血压冠心病有一定的疗效|可促进消化|可清心镇静|可滋阴润肺、减肥、祛斑|可降血压、降脂、通便|可润肠通便|可补脾健胃|通便排毒|适合习惯性便秘和慢性肝炎患者|健脾补肾
643,,558:653:32,,可预防贫血|可调理身体|可健脾开胃、增强免疫力
521,1019:263:243:195:1002:870:945:1015,870:803:1499:627:263:32:627:12:86:412:867:113:112:86:1:74:653:622:646:248:245:238:350:276:939,一起吃容易患寒热病|易导致消化不良|会破坏维生素C|会减低营养价值|会中毒|影响蛋白质的吸收|令人腰腹作痛|一起吃会中毒,可补血、开胃、健脾|可补气养血|可补气养血|可补肾虚、治腰疼|可和胃安神|可健脾胃、补气血|可补益脾胃|可养心健脾|可美容养颜|可补血补气|可补血养颜|可补肾补血|可补血、降血脂|可补益心脾|可润燥安神|可健脾养胃|可促进血液循环、增进食欲|可美容养颜|可健脾、止血、补血|可均衡营养|可解毒止痛|可健脾养胃|可补血养颜|可清热润燥|可滋补暖胃、强心补血
655,763:763,1318:1313:646:1318:1313,可能会引起腹胀、胸闷等症。|会导致腹胀、胸闷,可驱蛔虫|可有效治疗血吸虫病。|可改善小儿营养不良|可治蛔虫病|可治血吸虫病
664,,,,
627,742:763:633:738:738:763:869,276:276:868:276:556:86:521,呕吐|二者都不易消化，同炖共炒都不相宜，甚至可能同吃还会引起呕吐|一起吃会胃痛|引起呕吐|栗子中的维生素易与牛肉中的微量元素发生反应，削弱栗子的营养价值，而且不易消化|会不易消化|会引起中毒,去除雀斑和黑眼圈|去除雀斑和黑眼圈|可补肾、补血、养身、健脾胃|可健脑益肾|可强腰健骨、消除疲劳|可健脾健胃|可补肾虚、治腰疼
620,,908:340:350:653:1315:627,,可治疗小儿腹泻|可润肺、防治高血压|可止血、收敛、养胃|可收涩止带|可治疗喘咳痰稀|可强身
650,,,,
666,,,,
580,,908,,补气养血
625,,,,
665,,,,
508,,,,
661,,428:622:113:549:1315,,可益寿养颜|可补肝益肾、促进大脑发育|可补肝益肾|可降血脂|可润肺、生津
529,,,,
548,,1485,,可清热润肺、化痰止咳
93,559,,一起吃会影响消化,
1168,,,,
56,1318,,影响消化吸收,
109,,301:301,,促进营养素的吸收|可养血润燥、滋补肝肾
90,,,,
3,,,,
1165,,,,
105,,,,
89,,,,
31,816:817:868,158:869:534:549:600:803:344,引起身体不适|引起身体不适|一起吃会引起身体不适,改善脾虚腹泻和水肿|可养胃补血|可消除疲劳|可滋肝养肾|可消暑止渴、除烦利水|可均衡营养|可养血益气
48,,653:1165:155:158:870:32:357,,可补肝益肾、丰肌润发|可降胆固醇、延缓衰老|可健脾胃、去暑热|可气血双补|可益气、补血、生津、健脾胃|可开胃益中、明目|可降胃火
74,633:1381,908:112:1316:697:268:247:578:1165:112:113:521:1316:351,腹泻、呕吐|会降低营养价值,体改蛋白质的吸收|有利于营养素的吸收|补虚补血|有助于睡眠|可生津止渴、降血脂、降血糖|可清热解暑|可补血养心|可降血压、降血糖|可健脾和胃、益气宽中|可补气安神|可健脾养胃|可补虚、补血|可有益健康
1,590:1318,63:350:83:521,导致腹痛|会引起身体不适,提高蛋白质的吸收|可辅助治疗小儿脾胃虚弱|可营养更全面|可润燥安神
63,1047:1048:97:1048,399:559:112:293:300:881:630:558:293:350:866:268:908:178:350:1:908:630,身体不适|一起吃容易中毒，用地浆水可以解毒|会造成腹胀|会引起中毒,可通便排毒|可促进维生素吸收|可提高营养价值|可健脾益胃、助消化|可通便利尿|可健胃消食|可调理脾胃|可祛斑美肤|可健脾益胃、助消化|可增强人体免疫力|防治神经衰弱|可生津止渴、降血糖、降血脂|可减少胆固醇|玉米粥对于脾胃虚弱、尿频遗精、动脉硬化、冠心病、高血脂、高血压病人有着很好的食疗效果，适合这些患者长期食用，玉米粥配上点豇豆的食物效果更好。|吸收更多的营养素|提高蛋白质的吸收|防止胆固醇过高|防癌抗癌
88,,,,
86,428,763:939:350:245:418:423:492:613:158:588:521:627:32:1473:627,会引起淤血,可健脾补肾、益气补虚|可利尿消肿|可润肺益脾|可治疗脚气|可营养丰富、化痰理气、健脾除湿|可治脾胃虚弱、肺胃阴虚|可减肥降脂|可抑制癌细胞|可预防贫血|可开胃消食、健脾益胃|可补益心脾|可健脾健胃|可补脾除湿|可清热利湿|可健脾益胃、利湿止泻
1165,1313,1006:1067:1066:1002:573:155:1002:350:245:573:48:74:870:559,会易腹胀,护心解毒|护心解毒|护心解毒|护心解毒|提高血清素含量，改善睡眠|控制血糖含量|护心解毒|可健身益寿|可降低血糖|可提高血清素含量、改善睡眠|可降胆固醇、延缓衰老|可降血压、降血糖|可营养丰富|可预防胆结石
158,778:776:667:238:776,868:869:939:951:245:48:86:803:32,一起吃会引起中毒|一起吃会引起中毒，可以用鸡屎白治疗|会引起腹胀|会导致身体脱水|会导致水肿、腹痛、腹泻,可滋阴补肾|可利尿解毒|可祛湿消肿|可利水消肿|可润肤、止咳、减肥|可气血双补|可预防贫血|可均衡营养|可益脾胃
91,,870,,可益气补血、健脾胃
92,,97:301:185:245:344,,减肥|可润燥养血、调养身体|可消食消肿、止咳化痰|可预防贫血|可健脾开胃、养血止泻
49,,,,
83,690:672:667,1,一起吃会影响消化|脱发|脱发,可营养更全面
79,1031,,会破坏维生素,
78,,,,
71,185,763:444:630:1316:866,会降低功效,可健脾益气|可温中下气|可防癌抗癌|可补气安神|可防治神经衰弱
32,,820:630:12:256:263:521:643:870:158:86:48:646:335:321:311:287:1031,,可治疗夜盲症|可健脾胃、益肝肾|可养心神、补脾胃|可治疗肠炎|可解表和中|可健脾胃、补气血|可健脾开胃、增强免疫力|可补虚损、润五脏|可益脾胃|可补脾除湿|可开胃益中、明目|可健脾开胃|可安神解烦|可健脾养胃|可祛伏热、利小便|可健脾补虚、清热消炎|可治疗出汗不止
71,,,,
1512,293:243:870,908,因为香椿中含有丰富的钙质，而菜花中所含的化学成分会影响到钙质的消化和吸收。所以，香椿不适宜和菜花一同食用。|黄瓜中含有维生素C分解酶，会破坏到香椿中的维生素C，影响人体对维生素C的吸收，使营养大大降低，故香椿和黄瓜也不宜同食。|腹胀,润滑肌肤
1494,,,,
1485,,335:689:548:463:335:689:548:463,,可清心润肺|可清热化痰、止咳|可清热润肺、化痰止咳|可清热滋阴、润喉消炎|可清心润肺|可清热化痰、止咳|可清热润肺、化痰止咳|可清热滋阴、润喉消炎
1472,,,,
1499,,661:803:521:1500:549:578:653:492:534:1482:335:951:235:168:423,,可补肝肾、降血脂|可治疗头晕、耳鸣|可补气养血|可补肾强精、延年益寿|可乌发明目、护肤|可补脾益肾、益气养心|可清火明目|补肝益肾|可补血养肝|可滋阴补肾、清肝明目|可补肾养血、清热除烦|可滋阴润肤|清肝明目|清肝去火|美容养颜
306,,463,,化痰止咳润肺养阴
352,633,,身体不适,
235,,1482:1499:434,,缓解目赤红肿等症|清肝明目|可治高血压
1491,680:685:667,,影响营养素的吸收|影响营养素的吸收|一起吃会引起中毒，可以用地浆水治疗,
662,,824:350:238:642:553,,治遗精|可补益脾肾|可健脾利尿|可养心安神、降血压、降血糖|可涩精止带
434,939:1021,,生毒疮|腹痛,
553,690:243,662,身体不适|身体不适,可涩精止带
1478,939:950:667:930:950:945:948:956:806,,一起吃会中毒|容易引起腹泻|一起吃会引起中毒，可以用绿豆治疗|会引起中毒|会引起中毒|会危害健康|会易中毒|会引起身体不适|会引起中毒,
1488,,,,
1469,,601,,可生津止渴
1511,,,,
1488,,688:820:1318:800,,可健脾胃|可补肝肾、温肾阳|可降血脂|可补火助阳
1463,908:409:1278,,鸡蛋本身含有许多与味精成份相同的谷氨酸，所以炒鸡蛋时放味精，不仅不能增加鲜味，反而会破坏和掩盖鸡蛋的天然鲜味|鲜味反失|同吃会中毒,
1316,327:125:742:870:918:738:738,206:113:74,形成赖氨酸糖基，对人体不利|不利于营养的吸收|不利于营养的吸收；|使牛奶的营养价值大大降低|一起吃会引起中毒|腹胀|腹胀,健脾通乳利水|滋补肝肾活血行经美容乌发|补虚补血
1315,,486:423:463:573:558:463:541:620:349:661:620:79,,补充津液|滋补润肺|补充津液|可润肠通便|可解渴除烦|可清热化痰|可生津止渴、镇静安神|可治疗喘咳痰稀|可防治高血压|可润肺、生津|可治疗哮喘痰稀|可生津止渴
1313,1056,655:600:588:655:226,不宜久存,可有效治疗血吸虫病。|可清热排脓|可消暑利水|可治血吸虫病|可降血压
357,800:803,1019:296:738:738,一起吃会腹痛|寒热一起吃，易致腹泻,暖胃|袪咳止痰|驱寒、治腹痛|驱寒、治腹痛
1381,763:283:349:74:238:321:282:311:870:204:296:195,220:94:243:357:256:412:806,羊肉大热，功能益气补虚；醋中含蛋白质、糖、维生素、醋酸及多种有机酸，其性酸温，消肿活血，应与寒性食物配合，与羊肉不宜|会破坏营养价值|会损伤毛发|会降低营养价值|会降低营养价值|会降低营养价值|会营养流失|损伤牙齿|一起吃会引起腹中病结，可以用地浆水治疗|破坏营养价值|破坏胡萝卜素|胡萝卜素就会完全被破坏了,可消毒杀菌|可分解有毒物质|可清热解毒|可助消化|可消毒杀菌|可均衡营养|可营养消化吸收
1389,,1031,,去腥
1405,1061:870,,加重肾脏负担|降低营养素的吸收率,
1454,319,,中毒,
1454,,,,
1454,951:803:868,986:295,身体不适|性味相反不宜一起吃|两者共食，恐助火热，无益于健康,可除腥、补充营养|可防癌
1466,,997,,可助消化
1368,,,,
1451,,,,
1452,,,,
1371,,,,
322,,,,
1450,,,,
1351,,,,
1359,,,,
1366,,,,
1467,,,,
1354,,,,
1358,,,,
1325,870,,这两者一起吃易结成不溶性草酸钙，不仅影响吸收，还会出现头发干枯、腹泻、缺钙和生长发育缓慢等现象,
1200,,939,,消水肿
1317,,,,
1199,,,,
657,,,,
870,560:1313:1381:944:1325:1316:613:407:521:301:271:574:326:1512:1405:293:295:559,573:113:248:558:500:1318,"引起胃炎或胃蠕动异常|牛奶在加热时能与果糖反应，产生有毒的果糖氨基酸，有害人体|一起吃会引起腹中病结，可以用地浆水治疗|一起吃会引起中毒，可以用绿豆治疗|这两者一起吃易结成不溶性草酸钙，不仅影响吸收，还会出现头发干枯、腹泻、缺钙和生长发育缓慢等现象|使牛奶的营养价值大大降低|影响消化吸收，出现腹胀、腹痛、腹泻|消化不良|影响蛋白质的吸收|一起吃会引起痢疾|牛奶中含钙；钙是构成骨骼和牙齿的主要成份；牛奶与含草酸多的韭菜混合食用,就会影响钙的吸收|身体不适|影响钙质的吸收|腹胀|降低营养素的吸收率|牛奶含丰富的钙质，菜花所含的化学成份影响钙的消化吸收|影响钙的吸收|影响消化",提高维生素B12的吸收|帮助人体更好地吸收牛奶中的维生素B12|美容养颜|有助于维生素B12的吸收|滋养皮肤|缓解贫血和痛经
881,112,614,酸牛奶含丰富的钙质，黄豆所含的化学成份影响钙的消化吸收,壮骨，增加免疫力
125,908:1318:1316:611:908:927:1316,195:646:622:653:1499,鸡蛋中黏液性蛋白易和豆浆中的胰蛋白酶结合，产生一种不能被人体吸收的物质大大降低了人体对营养的吸收|豆浆中的蛋白质比牛奶高，两者冲对，产生变性沉淀，不能被人体吸收|不利于营养的吸收|身体不适|会降低营养|会不利消化吸收|会破坏营养成分,可增强免疫力|可润肤补虚、降糖降脂|可增强免疫力|可滋阴益气、清热安神、降糖降压|可补肝肾、明目
1318,135:56:129:137:514:1020:268:324:120:138:347:301:271:125:134:1021:951:263:116:256,655:486:483:463:870:195:463:321:243,有损听力，腹泻|影响消化吸收|有损听力，腹泻|有损听力，腹泻|有损五脏|一起吃会引起中毒，可以用地浆水治疗|一起吃会伤眼睛，引起眼睛不适，严重会失明|不利肠胃，易致腹泻|易导致腹泻|有损听力，腹泻|引发痼疾|引起心痛|一起吃会阻碍血液循环|豆浆中的蛋白质比牛奶高，两者冲对，产生变性沉淀，不能被人体吸收|有损听力，腹泻|中毒|一起吃会中毒，用黑豆、甘草可以解毒|一起吃伤眼睛，可以用绿豆治疗|一起吃会引起耳聋，吃绿豆可以治疗|性质相反,可驱蛔虫|缓解咳嗽|缓解咳嗽|缓解咳嗽|缓解贫血和痛经|排毒|缓解咳嗽|预防便秘|润肠通便
1232,1499,446:444,身体不适,防癌，抗老化|防癌，抗老化
1241,,,,
106,,,,
1278,1463,,同吃会中毒,
1242,,,,
1275,,,,
1230,,,,
1229,,,,
